{"stats":{"minecraft:picked_up":{"friendsandfoes:oxidized_copper_button":1},"minecraft:custom":{"minecraft:jump":17,"minecraft:open_chest":2,"minecraft:time_since_rest":46811,"minecraft:damage_dealt":20,"minecraft:crouch_one_cm":151,"minecraft:sprint_one_cm":6976,"minecraft:leave_game":4,"minecraft:play_time":46811,"minecraft:time_since_death":46811,"minecraft:walk_one_cm":8258,"minecraft:sneak_time":139,"minecraft:total_world_time":46811,"minecraft:talked_to_villager":1,"minecraft:fall_one_cm":209,"minecraft:fly_one_cm":31102}},"DataVersion":3465}